1770212549.017878,0,0.0,0.0,0.07,217.0,3.65,22.19,Disengaged
1770212586.468223,1,0.0291,1.0,242.72,128.0,0.29,70.21,Active Engagement
1770300000.5,1,0.0221,0.7144,4.81,9.13,7.36,51.45,Passive Engagement
1770300008.5,0,0.0,0.0,328.66,56.77,3.74,53.37,Passive Engagement
1770212591.5131142,0,0.0,0.0,76.26,373.0,3.31,28.32,Disengaged
1770300006.0,1,0.03,0.9051,4.76,5.89,18.73,52.97,Passive Engagement
1770300011.5,0,0.0,0.0,4.93,207.84,4.07,46.23,Passive Engagement
1770300008.0,1,0.0236,0.7631,1.77,9.62,16.63,54.0,Passive Engagement
1770300002.5,0,0.0,0.0,6.3,2.82,33.56,14.04,Disengaged
1770212549.017878,1,0.0241,1.0,278.7,179.0,0.61,80.56,Active Engagement
1770212549.017878,0,0.0,0.0,20.57,8.0,13.98,23.87,Disengaged
1770300004.0,1,0.0107,0.3038,1.62,7.57,54.72,22.29,Disengaged
1770212489.7678342,1,0.0248,1.0,216.09,285.0,0.07,78.19,Active Engagement
1770300004.0,0,0.0,0.0,111.34,169.67,4.47,45.73,Passive Engagement
1770300000.0,1,0.0258,0.7533,119.42,122.63,1.82,71.45,Active Engagement
1770212489.7678342,0,0.0,0.0,1.1,314.0,7.06,30.29,Disengaged
1770212584.7904513,1,0.0,0.0,68.26,136.0,10.94,36.41,Disengaged
1770212585.7344468,1,0.0242,1.0,140.97,245.0,0.47,72.64,Active Engagement
1770212534.0768254,1,0.0242,1.0,305.87,68.0,0.85,62.98,Active Engagement
1770212586.468223,1,0.0282,1.0,307.89,158.0,0.48,69.99,Active Engagement
1770212591.5131142,1,0.0224,1.0,231.59,71.0,0.4,70.09,Active Engagement
1770212591.5131142,0,0.0,0.0,15.95,136.0,3.35,12.87,Disengaged
1770212591.5131142,1,0.0255,1.0,234.55,249.0,0.94,67.91,Active Engagement
1770212591.5131142,1,0.0289,1.0,184.42,240.0,0.84,80.7,Active Engagement
1770142401.9181452,1,0.0194,1.0,110.93,31.0,6.11,37.3,Active Engagement
1770212585.7344468,1,0.0,0.0,15.11,389.0,9.95,45.41,Passive Engagement
1770300006.5,1,0.0256,0.8676,9.96,4.06,15.21,48.67,Passive Engagement
1770300008.0,0,0.0,0.0,3.94,14.79,28.36,8.98,Disengaged
1770300012.5,0,0.0,0.0,285.06,122.44,1.83,48.86,Passive Engagement
1770208161.7595713,1,0.0253,1.0,167.64,38.0,0.09,61.67,Active Engagement
1770300003.0,0,0.0,0.0,346.07,141.08,1.7,48.7,Passive Engagement
1770300003.5,1,0.0224,0.8352,4.98,12.87,5.07,53.15,Passive Engagement
1770212585.7344468,0,0.0,0.0,17.41,227.0,3.13,23.3,Disengaged
1770212591.5131142,1,0.0297,1.0,223.13,138.0,0.11,82.75,Active Engagement
1770212489.7678342,1,0.0,0.0,61.63,84.0,3.39,26.78,Passive Engagement
1770212534.0768254,1,0.0,0.0,57.75,396.0,16.29,37.05,Disengaged
1770300008.0,1,0.0206,0.7709,264.81,146.76,2.78,74.92,Active Engagement
1770212534.0768254,0,0.0,0.0,22.97,105.0,16.01,35.1,Disengaged
1770300014.5,0,0.0,0.0,6.74,187.02,3.95,49.3,Passive Engagement
1770300002.5,0,0.0,0.0,113.59,195.27,1.85,47.25,Passive Engagement
1770212489.7678342,1,0.0222,1.0,152.89,201.0,1.03,77.83,Active Engagement
1770212585.7344468,1,0.0259,1.0,269.76,300.0,0.21,84.88,Active Engagement
1770300004.0,1,0.0274,0.8044,3.21,13.43,15.07,50.38,Passive Engagement
1770212586.468223,0,0.0,0.0,14.31,327.0,19.82,26.67,Disengaged
1770212489.7678342,1,0.0,0.0,8.48,377.0,7.83,41.23,Passive Engagement
1770212586.468223,1,0.0252,1.0,191.8,204.0,0.73,61.55,Active Engagement
1770212554.4257357,1,0.0286,1.0,151.97,219.0,1.27,62.73,Active Engagement
1770212554.4257357,0,0.0,0.0,14.98,336.0,8.38,10.31,Disengaged
1770212489.7678342,1,0.0,0.0,59.45,255.0,11.22,29.19,Passive Engagement
1770212549.017878,1,0.0267,1.0,246.46,69.0,1.04,72.41,Active Engagement
1770212584.7904513,1,0.0264,1.0,339.26,134.0,0.36,84.39,Active Engagement
1770212534.0768254,1,0.0251,1.0,300.51,190.0,0.17,64.76,Active Engagement
1770212584.7904513,1,0.0223,1.0,223.45,92.0,0.7,64.98,Active Engagement
1770212585.7344468,1,0.0,0.0,47.62,130.0,12.0,8.27,Disengaged
1770300013.0,1,0.0278,0.7688,19.6,41.82,9.44,51.45,Passive Engagement
1770212591.5131142,1,0.0282,1.0,124.82,236.0,0.47,69.47,Active Engagement
1770212584.7904513,1,0.0268,1.0,206.91,57.0,0.11,81.18,Active Engagement
1770212591.5131142,0,0.0,0.0,6.63,315.0,17.09,11.08,Disengaged
1770300002.0,1,0.0149,0.4066,5.71,9.93,35.25,14.63,Disengaged
1770212554.4257357,1,0.0,0.0,20.41,229.0,18.27,28.29,Disengaged
1770300014.5,1,0.0239,0.8296,128.36,129.16,0.9,67.31,Active Engagement
1770300013.0,1,0.0298,0.8212,69.16,100.86,2.84,69.66,Active Engagement
1770300003.0,1,0.0248,0.8405,77.19,98.94,0.67,71.55,Active Engagement
1770300006.5,0,0.0,0.0,219.1,171.35,3.9,45.81,Passive Engagement
1770212549.017878,0,0.0,0.0,3.33,228.0,16.8,49.74,Disengaged
1770212489.7678342,1,0.0,0.0,27.98,3.0,10.33,38.73,Disengaged
1770300007.0,0,0.0,0.0,119.11,169.76,4.08,47.48,Passive Engagement
1770300009.5,0,0.0,0.0,247.68,187.36,2.27,48.97,Passive Engagement
1770300004.5,1,0.0227,0.7784,19.1,49.96,8.4,56.0,Passive Engagement
1770212584.7904513,1,0.0,0.0,61.18,171.0,17.18,18.05,Disengaged
1770300022.5,1,0.0206,0.7762,0.8,5.91,13.21,50.94,Passive Engagement
1770212591.5131142,1,0.0273,1.0,187.35,227.0,1.29,64.81,Active Engagement
1770212489.7678342,1,0.0,0.0,65.63,369.0,4.28,46.95,Passive Engagement
1770300014.5,0,0.0,0.0,178.11,127.36,3.74,54.77,Passive Engagement
1770300009.0,1,0.0255,0.8714,7.96,10.12,17.22,57.03,Passive Engagement
1770300007.5,0,0.0,0.0,0.49,1.0,36.13,7.8,Disengaged
1770300002.0,1,0.0188,0.7856,71.93,32.93,4.3,53.04,Passive Engagement
1770300013.5,1,0.019,0.6728,57.94,18.75,14.98,54.19,Passive Engagement
1770300004.5,1,0.024,0.7822,36.69,12.07,5.41,56.22,Passive Engagement
1770300004.5,1,0.0291,0.8956,98.52,106.41,2.55,73.14,Active Engagement
1770300011.5,0,0.0,0.0,3.52,8.22,37.05,14.96,Disengaged
1770300014.5,1,0.0216,0.7567,6.53,9.92,16.38,54.49,Passive Engagement
1770300002.0,1,0.0265,0.7979,20.11,36.64,10.23,52.88,Passive Engagement
1770300011.0,1,0.019,0.8134,345.44,199.84,0.67,72.87,Active Engagement
1770300001.5,1,0.011,0.3358,5.98,1.31,49.21,22.37,Disengaged
1770212554.4257357,1,0.024,1.0,170.88,196.0,0.43,65.78,Active Engagement
1770212586.465346,1,0.0258,1.0,260.81,125.0,1.21,72.53,Active Engagement
1770300004.0,1,0.0268,0.771,3.0,0.07,14.8,53.65,Passive Engagement
1770212549.017878,1,0.0266,1.0,326.15,104.0,0.44,78.34,Active Engagement
1770300002.5,1,0.0274,0.8951,4.89,3.7,10.04,48.89,Passive Engagement
1770300003.0,0,0.0,0.0,7.9,209.53,2.23,42.89,Passive Engagement
1770212591.5131142,1,0.0294,1.0,312.75,65.0,1.39,73.9,Active Engagement
1770212591.5131142,1,0.0,0.0,29.39,386.0,16.91,48.07,Disengaged
1770212591.5131142,1,0.0255,1.0,231.83,135.0,0.85,74.46,Active Engagement
1770212585.7344468,1,0.0296,1.0,222.6,210.0,0.48,75.65,Active Engagement
1770300006.5,1,0.0195,0.7162,0.35,13.05,15.52,46.68,Passive Engagement
1770212489.7678342,1,0.0,0.0,35.94,188.0,11.15,40.43,Disengaged
1770300015.0,1,0.0289,0.884,7.78,3.16,14.58,53.62,Passive Engagement
1770212489.7678342,1,0.0286,1.0,160.21,225.0,0.63,70.67,Active Engagement
1770300012.5,0,0.0,0.0,12.46,0.78,39.11,15.86,Disengaged
1770300002.0,0,0.0,0.0,8.34,3.24,54.41,13.48,Disengaged
1770300017.0,1,0.0232,0.82,7.86,51.87,8.42,51.16,Passive Engagement
1770300011.5,1,0.026,0.8646,79.94,255.39,1.9,76.29,Active Engagement
1770212554.4257357,1,0.0,0.0,37.93,348.0,3.01,18.93,Passive Engagement
1770212554.4257357,1,0.0,0.0,35.73,243.0,4.86,36.27,Passive Engagement
1770300005.0,1,0.0261,0.8126,100.03,122.25,2.22,67.75,Active Engagement
1770212585.7344468,1,0.0257,1.0,154.34,196.0,0.33,74.07,Active Engagement
1770300005.5,1,0.022,0.6666,35.15,15.32,12.94,59.77,Passive Engagement
1770212554.4257357,1,0.0,0.0,19.02,152.0,14.51,18.48,Disengaged
1770300001.5,0,0.0,0.0,248.03,194.81,3.85,53.56,Passive Engagement
1770212586.468223,1,0.0,0.0,58.82,314.0,4.18,49.61,Passive Engagement
1770300000.0,1,0.0258,0.9142,7.23,10.81,19.45,55.82,Passive Engagement
1770212534.0768254,1,0.0204,1.0,171.52,220.0,0.32,73.22,Active Engagement
1770212585.7344468,1,0.0223,1.0,304.73,88.0,0.62,80.31,Active Engagement
1770300007.5,1,0.0215,0.8544,6.69,3.81,7.52,53.3,Passive Engagement
1770212584.7904513,1,0.0201,1.0,267.3,135.0,0.31,82.45,Active Engagement
1770212585.7344468,1,0.029,1.0,133.28,265.0,1.33,83.64,Active Engagement
1770300001.0,1,0.0146,0.3321,7.2,3.43,26.17,17.95,Disengaged
1770212584.7904513,1,0.0,0.0,68.62,159.0,3.97,13.59,Passive Engagement
1770212591.5131142,0,0.0,0.0,53.76,91.0,17.32,33.65,Disengaged
1770212489.7678342,1,0.0208,1.0,131.41,291.0,0.14,64.3,Active Engagement
1770300002.5,1,0.0253,0.7304,17.37,53.04,3.72,56.14,Passive Engagement
1770300000.5,1,0.0128,0.3523,5.73,4.67,35.84,21.53,Disengaged
1770300012.5,1,0.0241,0.8484,1.94,7.2,15.25,50.28,Passive Engagement
1770212584.7904513,1,0.0208,1.0,231.61,218.0,0.27,69.55,Active Engagement
1770300014.0,0,0.0,0.0,137.74,73.63,0.82,54.76,Passive Engagement
1770300008.0,1,0.0133,0.4236,2.05,9.7,48.54,22.68,Disengaged
1770212489.7678342,1,0.0,0.0,66.22,133.0,18.37,9.04,Disengaged
1770300006.0,1,0.0168,0.623,5.34,1.35,4.74,45.01,Passive Engagement
1770300010.5,1,0.0281,0.8067,97.13,214.64,0.07,72.15,Active Engagement
1770300012.0,1,0.0198,0.829,364.57,88.54,1.59,78.33,Active Engagement
1770212591.5131142,1,0.0246,1.0,284.73,173.0,1.05,79.48,Active Engagement
1770212591.5131142,1,0.0,0.0,75.67,49.0,18.3,23.83,Disengaged
1770300001.0,1,0.0298,0.9477,2.31,11.01,16.25,51.46,Passive Engagement
1770212534.0768254,1,0.0295,1.0,164.21,75.0,0.15,68.29,Active Engagement
1770300004.5,1,0.014,0.3798,2.52,7.74,47.94,21.44,Disengaged
1770212591.5131142,0,0.0,0.0,0.77,311.0,4.67,49.64,Disengaged
1770300001.5,1,0.021,0.7276,64.5,30.59,13.18,56.7,Passive Engagement
1770212591.5131142,0,0.0,0.0,10.41,189.0,14.13,5.25,Disengaged
1770212549.017878,0,0.0,0.0,49.22,84.0,11.68,11.73,Disengaged
1770300001.0,1,0.029,0.8324,70.5,132.59,1.98,74.25,Active Engagement
1770212585.7344468,0,0.0,0.0,11.37,235.0,16.49,39.75,Disengaged
1770300005.5,0,0.0,0.0,231.58,128.34,0.86,46.4,Passive Engagement
1770300016.0,1,0.0245,0.7474,19.69,37.46,7.61,56.26,Passive Engagement
1770300019.0,1,0.0164,0.7418,3.92,18.48,12.11,45.05,Passive Engagement
1770300015.5,1,0.0227,0.7338,14.31,38.29,11.13,56.48,Passive Engagement
1770212534.0768254,1,0.0,0.0,51.86,3.0,6.44,6.6,Disengaged
1770212584.7904513,0,0.0,0.0,67.83,139.0,8.16,41.36,Disengaged
1770212584.7904513,0,0.0,0.0,9.95,367.0,8.92,15.65,Disengaged
1770212585.7344468,1,0.0273,1.0,233.43,227.0,0.44,66.03,Active Engagement
1770300010.0,1,0.0205,0.6826,8.29,14.21,4.37,45.49,Passive Engagement
1770212549.017878,1,0.0,0.0,67.01,43.0,7.29,13.35,Passive Engagement
1770300007.0,1,0.0202,0.7635,10.84,4.62,5.42,52.01,Passive Engagement
1770212549.017878,1,0.0269,1.0,185.76,278.0,1.2,81.03,Active Engagement
1770300010.5,0,0.0,0.0,2.36,128.13,3.02,46.05,Passive Engagement
1770212585.7344468,1,0.0,0.0,17.38,292.0,16.79,23.15,Disengaged
1770212584.7904513,1,0.0,0.0,58.69,16.0,6.88,48.79,Disengaged
1770212489.7678342,1,0.0,0.0,20.85,324.0,19.62,30.05,Disengaged
1770300000.5,1,0.0276,0.8679,1.92,4.5,8.56,56.27,Passive Engagement
1770212554.4257357,0,0.0,0.0,33.75,328.0,14.62,42.7,Disengaged
1770212554.4257357,1,0.0299,1.0,340.19,105.0,1.15,61.31,Active Engagement
1770212554.4257357,1,0.0213,1.0,152.43,198.0,0.81,80.31,Active Engagement
1770300011.0,1,0.0205,0.6578,2.71,10.44,8.41,50.64,Passive Engagement
1770300010.0,1,0.0258,0.8475,1.27,4.16,3.62,51.94,Passive Engagement
1770300013.0,0,0.0,0.0,110.31,192.66,1.72,48.57,Passive Engagement
1770212489.7678342,1,0.0,0.0,64.5,169.0,4.99,44.52,Passive Engagement
1770212534.0768254,1,0.0,0.0,18.66,83.0,11.84,29.76,Disengaged
1770300013.0,0,0.0,0.0,9.48,247.86,0.56,45.12,Passive Engagement
1770300004.0,0,0.0,0.0,192.57,95.57,3.5,45.24,Passive Engagement
1770212584.7904513,0,0.0,0.0,70.2,249.0,6.28,13.29,Disengaged
1770300010.0,1,0.0261,0.8649,0.29,14.4,6.55,48.41,Passive Engagement
1770300017.5,1,0.0233,0.6694,36.51,9.85,6.69,57.75,Passive Engagement
1770300013.5,0,0.0,0.0,301.57,116.91,3.72,51.12,Passive Engagement
1770300008.0,0,0.0,0.0,18.35,226.16,5.09,43.28,Passive Engagement
1770212584.7904513,1,0.0267,1.0,199.11,179.0,0.35,76.27,Active Engagement
1770212585.7344468,1,0.0,0.0,6.63,48.0,4.72,6.71,Disengaged
1770212489.7678342,1,0.0226,1.0,224.6,123.0,1.38,70.2,Active Engagement
1770300000.0,1,0.018,0.7369,9.24,16.87,17.69,52.45,Passive Engagement
1770300013.5,1,0.025,0.7636,89.66,285.32,1.51,76.71,Active Engagement
1770212554.4257357,1,0.0284,1.0,143.67,67.0,0.25,72.61,Active Engagement
1770300013.0,1,0.0176,0.7481,275.88,138.51,1.52,76.37,Active Engagement
1770300009.5,0,0.0,0.0,126.5,139.75,3.21,51.67,Passive Engagement
1770212584.7904513,1,0.0,0.0,35.13,387.0,17.57,27.39,Disengaged
1770300012.0,0,0.0,0.0,7.33,7.51,59.56,8.5,Disengaged
1770300007.5,0,0.0,0.0,121.03,108.89,1.8,44.76,Passive Engagement
1770300017.0,1,0.0201,0.7844,1.98,6.78,4.83,52.06,Passive Engagement
1770212489.7678342,1,0.025,1.0,272.92,245.0,1.34,64.72,Active Engagement
1770212489.7678342,1,0.027,1.0,134.86,207.0,0.83,63.84,Active Engagement
1770300009.0,1,0.0171,0.698,4.49,7.86,16.25,54.76,Passive Engagement
1770212584.7904513,1,0.0286,1.0,233.41,216.0,1.06,75.0,Active Engagement
1770300001.5,1,0.023,0.8061,6.22,7.35,19.78,52.65,Passive Engagement
1770212584.7904513,0,0.0,0.0,12.38,188.0,6.87,19.21,Disengaged
1770300016.0,1,0.0212,0.8747,2.3,1.79,11.99,55.75,Passive Engagement
1770300022.0,1,0.0292,0.7748,4.27,1.54,4.73,47.21,Passive Engagement
1770212534.0768254,1,0.0242,1.0,308.73,164.0,0.65,68.29,Active Engagement
1770212489.7678342,0,0.0,0.0,20.1,129.0,7.42,33.38,Disengaged
1770300021.0,1,0.0198,0.8361,1.12,21.64,5.8,54.9,Passive Engagement
1770300008.5,1,0.0295,0.8476,68.11,275.87,1.47,68.42,Active Engagement
1770212489.7678342,1,0.0,0.0,19.49,392.0,14.3,48.7,Disengaged
1770300004.0,1,0.0168,0.8241,283.46,168.42,1.89,78.82,Active Engagement
1770212585.7344468,1,0.0203,1.0,330.71,194.0,0.89,83.02,Active Engagement
1770300008.5,1,0.0167,0.3213,4.21,1.7,49.55,18.84,Disengaged
1770300018.0,1,0.0211,0.8114,0.37,51.36,13.14,53.72,Passive Engagement
1768927586.720059,0,0.0,0.0,0.0,0.0,20.01,7.58,Disengaged
1770212534.0768254,1,0.024,1.0,277.28,182.0,0.43,81.3,Active Engagement
1770212591.5131142,1,0.0,0.0,25.33,357.0,11.16,18.92,Disengaged
1770212586.468223,1,0.0,0.0,19.91,388.0,9.75,47.14,Passive Engagement
1770300005.0,1,0.017,0.8195,209.96,81.49,0.74,78.42,Active Engagement
1770212549.017878,0,0.0,0.0,7.25,373.0,19.56,18.0,Disengaged
1768933227.5383282,0,0.0,0.0,68.96,77.0,0.12,33.18,Disengaged
1770212489.7678342,1,0.0218,1.0,190.95,243.0,0.29,76.35,Active Engagement
1770212584.7904513,1,0.0208,1.0,174.94,82.0,0.84,60.89,Active Engagement
1770300013.5,0,0.0,0.0,17.51,135.45,4.73,44.83,Passive Engagement
1770212585.7344468,1,0.0,0.0,75.41,354.0,19.06,40.31,Disengaged
1770300009.5,1,0.023,0.6288,2.21,13.12,8.05,52.35,Passive Engagement
1770212534.0768254,1,0.0287,1.0,244.99,267.0,0.31,76.8,Active Engagement
1770300006.0,1,0.0216,0.7472,3.94,17.39,14.17,54.38,Passive Engagement
1770300007.5,1,0.0243,0.9345,1.88,4.88,18.64,53.3,Passive Engagement
1770212554.4257357,1,0.0,0.0,27.97,265.0,15.89,41.93,Disengaged
1770300021.5,1,0.0239,0.774,2.1,22.18,12.97,56.38,Passive Engagement
1770300010.0,1,0.0109,0.4406,7.16,1.86,34.7,18.88,Disengaged
1770300011.0,0,0.0,0.0,11.65,153.22,4.72,50.13,Passive Engagement
1770212584.7904513,0,0.0,0.0,33.61,50.0,6.59,35.56,Disengaged
1770300012.0,0,0.0,0.0,3.77,217.24,5.76,48.22,Passive Engagement
1770173527.5646334,0,0.0,0.0,29.99,679.0,5.69,33.12,Disengaged
1770212489.7678342,1,0.0,0.0,34.69,49.0,17.83,48.57,Disengaged
1770140080.908791,1,0.0209,1.0,191.88,171.0,1.93,64.3,Active Engagement
1770300018.5,1,0.022,0.6386,8.27,18.55,12.36,51.69,Passive Engagement
1770300000.0,1,0.0277,0.8158,12.88,6.97,4.41,56.76,Passive Engagement
1770212585.7344468,1,0.0222,1.0,274.45,246.0,0.8,76.65,Active Engagement
1770300001.5,1,0.0229,0.6252,0.08,6.72,15.17,53.39,Passive Engagement
1770300001.5,1,0.0283,0.8447,11.37,3.55,17.56,55.93,Passive Engagement
1770300005.0,1,0.0172,0.3652,6.14,8.06,34.25,22.29,Disengaged
1770212534.0768254,1,0.0257,1.0,297.36,298.0,0.21,73.08,Active Engagement
1770212584.7904513,1,0.0,0.0,44.7,211.0,13.67,49.29,Disengaged
1770300008.0,1,0.0229,0.8003,119.2,199.22,2.53,71.46,Active Engagement
1770207744.180623,0,0.0,0.0,443.06,0.0,0.8,48.4,Disengaged
1770212489.7678342,1,0.0231,1.0,244.36,50.0,1.23,79.39,Active Engagement
1770212591.5131142,1,0.0,0.0,20.12,346.0,14.8,48.98,Disengaged
1770212584.7904513,0,0.0,0.0,14.99,356.0,15.76,37.12,Disengaged
1770300008.0,1,0.0279,0.8886,5.23,4.49,8.62,51.22,Passive Engagement
1770212584.7904513,1,0.0276,1.0,243.46,284.0,0.05,69.43,Active Engagement
1770212549.017878,0,0.0,0.0,40.68,68.0,16.27,22.51,Disengaged
1770300016.0,1,0.0221,0.7861,45.16,27.65,7.45,55.08,Passive Engagement
1770212489.7678342,0,0.0,0.0,70.68,38.0,18.07,32.51,Disengaged
1770212584.7904513,1,0.0283,1.0,134.53,297.0,0.49,80.91,Active Engagement
1770212586.468223,0,0.0,0.0,77.69,88.0,15.85,35.38,Disengaged
1770300013.5,1,0.0275,0.7452,14.45,44.99,10.44,59.41,Passive Engagement
1770212584.7904513,0,0.0,0.0,70.42,222.0,5.83,36.77,Disengaged
1770300001.5,1,0.0192,0.8169,206.51,92.3,0.08,79.59,Active Engagement
1770212554.4257357,1,0.025,1.0,207.81,90.0,0.97,71.51,Active Engagement
1770212554.4257357,1,0.0,0.0,36.65,286.0,19.87,23.92,Disengaged
1770212549.017878,0,0.0,0.0,44.85,289.0,15.76,6.47,Disengaged
1770212554.4257357,1,0.0241,1.0,240.29,111.0,1.5,67.51,Active Engagement
1770212554.4257357,0,0.0,0.0,77.85,367.0,12.3,41.72,Disengaged
1770300006.5,1,0.0218,0.8095,13.82,56.81,12.14,54.79,Passive Engagement
1770300015.5,1,0.0256,0.705,64.31,19.11,10.3,58.2,Passive Engagement
1770212586.468223,1,0.0,0.0,63.81,241.0,13.41,44.8,Passive Engagement
1770300012.0,1,0.0192,0.7881,40.48,6.75,7.45,58.94,Passive Engagement
1770212554.4257357,1,0.0291,1.0,214.7,186.0,0.57,65.81,Active Engagement
1770300011.5,1,0.0176,0.3472,2.84,4.52,37.48,14.9,Disengaged
1770300013.0,1,0.0228,0.8489,10.9,7.69,4.62,56.16,Passive Engagement
1770300013.0,0,0.0,0.0,209.55,108.73,0.36,45.77,Passive Engagement
1770212586.468223,0,0.0,0.0,79.19,324.0,3.58,10.96,Disengaged
1770212585.7344468,1,0.0293,1.0,269.48,178.0,0.5,72.52,Active Engagement
1770300006.0,0,0.0,0.0,87.37,112.81,1.54,44.27,Passive Engagement
1770212586.468223,1,0.0231,1.0,314.39,217.0,0.39,68.46,Active Engagement
1770212586.468223,1,0.0,0.0,30.76,270.0,10.81,7.99,Disengaged
1770300014.0,0,0.0,0.0,4.58,3.76,34.6,8.5,Disengaged
1768933716.8851955,0,0.0,0.0,167.9,0.0,1.46,42.27,Disengaged
1770212549.017878,1,0.0212,1.0,227.21,117.0,0.59,69.87,Active Engagement
1770212586.468223,1,0.0204,1.0,303.19,71.0,0.48,81.55,Active Engagement
1770212586.468223,0,0.0,0.0,6.83,163.0,4.27,6.96,Disengaged
1770212585.7344468,1,0.0233,1.0,204.11,108.0,1.44,70.6,Active Engagement
1770300007.5,1,0.0133,0.3386,4.02,1.52,35.56,18.66,Disengaged
1770300012.5,1,0.0283,0.8844,2.1,5.54,4.63,53.72,Passive Engagement
1770212584.7904513,0,0.0,0.0,68.29,262.0,5.46,9.95,Disengaged
1770300017.5,1,0.0269,0.8372,3.0,8.04,13.73,54.39,Passive Engagement
1770300012.5,1,0.0299,0.7524,91.68,266.96,0.97,71.8,Active Engagement
1770212585.7344468,0,0.0,0.0,14.88,86.0,12.96,25.48,Disengaged
1770300002.5,1,0.0198,0.7302,354.25,173.65,1.05,75.79,Active Engagement
1770300006.5,0,0.0,0.0,107.51,164.6,0.35,47.81,Passive Engagement
1770212591.5131142,1,0.0276,1.0,338.58,186.0,1.22,82.85,Active Engagement
1770300014.5,1,0.0179,0.7266,300.85,98.5,0.19,70.55,Active Engagement
1770212586.468223,1,0.0247,1.0,182.46,122.0,0.1,75.7,Active Engagement
1770212554.4257357,1,0.0224,1.0,239.28,103.0,0.21,70.35,Active Engagement
1770212584.7904513,1,0.0,0.0,30.27,364.0,8.63,21.1,Passive Engagement
1770300001.0,1,0.0183,0.6387,5.86,8.2,7.06,53.16,Passive Engagement
1770212554.4257357,1,0.0267,1.0,188.3,81.0,0.22,77.15,Active Engagement
1770212489.7678342,0,0.0,0.0,17.41,128.0,4.87,33.43,Disengaged
1770212534.0768254,0,0.0,0.0,58.18,117.0,18.44,40.91,Disengaged
1770300014.0,0,0.0,0.0,127.46,128.35,4.17,49.81,Passive Engagement
1770300009.5,1,0.0255,0.7832,66.64,23.12,9.38,56.3,Passive Engagement
1770212584.7904513,0,0.0,0.0,38.94,166.0,14.51,44.87,Disengaged
1770212586.468223,0,0.0,0.0,36.92,67.0,14.93,18.75,Disengaged
1770212584.7904513,1,0.0,0.0,2.01,305.0,14.67,11.74,Disengaged
1770212534.0768254,1,0.0,0.0,5.13,79.0,9.45,42.31,Disengaged
1770300004.5,1,0.0271,0.8671,6.88,5.69,5.1,48.15,Passive Engagement
1770300007.5,1,0.0244,0.7183,14.71,44.3,2.16,54.54,Passive Engagement
1770212586.465346,1,0.0297,1.0,125.95,54.0,1.46,76.77,Active Engagement
1768927181.589061,0,0.0,0.0,3.0,417.0,0.03,38.58,Disengaged
1770300010.0,1,0.0223,0.7152,27.91,9.4,15.38,55.82,Passive Engagement
1770300003.0,1,0.0213,0.8214,3.4,6.7,9.56,55.33,Passive Engagement
1770300004.0,0,0.0,0.0,9.16,4.61,31.97,7.4,Disengaged
1770212591.5131142,0,0.0,0.0,37.24,7.0,13.34,12.26,Disengaged
1770212586.468223,0,0.0,0.0,32.48,366.0,18.15,27.81,Disengaged
1770212585.7344468,1,0.0253,1.0,335.62,208.0,0.51,63.35,Active Engagement
1770212549.017878,1,0.0294,1.0,255.37,292.0,0.94,63.47,Active Engagement
1770212534.0768254,1,0.0,0.0,77.22,203.0,13.54,15.01,Passive Engagement
1770212585.7344468,1,0.0286,1.0,339.52,239.0,0.38,72.35,Active Engagement
1770300010.5,0,0.0,0.0,10.86,1.0,54.5,15.36,Disengaged
1770300012.5,1,0.0178,0.766,376.69,197.91,2.72,77.98,Active Engagement
1770212489.7678342,0,0.0,0.0,53.86,246.0,5.66,27.87,Disengaged
1770300000.0,1,0.0131,0.33,5.44,1.81,45.24,15.63,Disengaged
1770212549.017878,1,0.0,0.0,35.21,218.0,18.27,42.39,Disengaged
1770212584.7904513,1,0.0263,1.0,241.76,219.0,1.38,69.54,Active Engagement
1770300009.0,1,0.0215,0.774,257.71,194.71,1.35,71.81,Active Engagement
1770212489.7678342,1,0.0,0.0,16.9,81.0,19.46,12.35,Disengaged
1770212584.7904513,1,0.022,1.0,245.17,108.0,0.26,64.53,Active Engagement
1770212534.0768254,1,0.0,0.0,53.82,216.0,3.54,48.89,Passive Engagement
1770212584.7904513,1,0.0254,1.0,305.25,83.0,0.33,74.03,Active Engagement
1770212585.7344468,1,0.0,0.0,49.74,54.0,5.11,10.25,Disengaged
1770212534.0768254,0,0.0,0.0,38.26,88.0,6.19,18.44,Disengaged
1770300019.5,1,0.0293,0.8707,7.01,7.85,3.27,48.09,Passive Engagement
1770212534.0768254,1,0.0,0.0,27.84,145.0,12.68,8.84,Disengaged
1770212549.017878,1,0.0289,1.0,284.63,100.0,0.86,74.54,Active Engagement
1770207723.4472733,0,0.0,0.0,179.61,5.0,0.19,46.76,Disengaged
1770300010.5,1,0.0233,0.7717,1.55,5.88,5.56,56.25,Passive Engagement
1770212549.017878,1,0.0,0.0,0.9,88.0,5.87,27.93,Disengaged
1770300009.0,1,0.021,0.8854,6.84,2.02,7.59,52.79,Passive Engagement
1770300017.5,1,0.0197,0.6988,5.54,6.41,8.84,48.79,Passive Engagement
1770212549.017878,1,0.0293,1.0,299.87,53.0,0.16,64.48,Active Engagement
1770212586.468223,0,0.0,0.0,8.13,374.0,4.24,35.29,Disengaged
1770212534.0768254,0,0.0,0.0,13.41,361.0,18.26,46.19,Disengaged
1770212549.017878,1,0.0268,1.0,193.07,251.0,0.47,74.14,Active Engagement
1768933679.3143632,0,0.0,0.0,140.89,0.0,0.01,41.11,Disengaged
1770300024.0,1,0.0199,0.7037,23.19,32.41,6.0,55.98,Passive Engagement
1770212586.468223,0,0.0,0.0,42.45,116.0,7.65,49.62,Disengaged
1770212489.7678342,1,0.0,0.0,0.57,16.0,19.3,30.22,Disengaged
1770300018.5,1,0.0244,0.8995,6.69,0.27,13.94,50.31,Passive Engagement
1770212585.7344468,0,0.0,0.0,10.14,7.0,8.04,37.59,Disengaged
1770212554.4257357,1,0.0277,1.0,308.91,202.0,0.3,61.15,Active Engagement
1770212534.0768254,0,0.0,0.0,67.58,299.0,15.73,17.33,Disengaged
1770300011.0,0,0.0,0.0,320.81,156.18,3.32,54.76,Passive Engagement
1770212554.4257357,1,0.0247,1.0,247.94,177.0,0.02,81.26,Active Engagement
1770212554.4257357,1,0.0218,1.0,294.82,280.0,0.6,78.33,Active Engagement
1770212586.468223,0,0.0,0.0,39.35,30.0,6.81,26.84,Disengaged
1770212586.468223,1,0.0,0.0,77.0,214.0,7.93,8.02,Passive Engagement
1770212534.0768254,0,0.0,0.0,73.01,106.0,11.08,46.0,Disengaged
1770300010.0,0,0.0,0.0,2.55,1.04,49.12,9.88,Disengaged
1770300009.0,1,0.0215,0.8531,63.32,150.18,0.42,71.41,Active Engagement
1770212549.017878,1,0.0,0.0,0.51,79.0,17.31,35.04,Disengaged
1770212489.7678342,1,0.0289,1.0,208.9,113.0,0.99,80.69,Active Engagement
1770300009.0,1,0.0191,0.8499,16.64,42.51,3.18,58.97,Passive Engagement
1770212534.0768254,1,0.0275,1.0,280.23,97.0,0.4,60.58,Active Engagement
1770212591.5131142,1,0.0,0.0,7.16,180.0,13.09,46.91,Disengaged
1770212489.7678342,1,0.0261,1.0,231.42,162.0,0.49,84.11,Active Engagement
1770212585.7344468,0,0.0,0.0,5.77,202.0,3.59,21.95,Disengaged
1770212586.468223,0,0.0,0.0,23.0,37.0,5.24,24.76,Disengaged
1770300011.0,1,0.0258,0.802,8.86,0.23,17.38,51.82,Passive Engagement
1770142438.1039898,0,0.0,0.0,110.85,46.0,6.72,25.03,Disengaged
1770300019.0,1,0.0263,0.7659,2.11,4.19,17.49,52.96,Passive Engagement
1770212591.5131142,0,0.0,0.0,77.19,364.0,9.82,5.99,Disengaged
1770212591.5131142,0,0.0,0.0,29.58,70.0,13.03,49.24,Disengaged
1770212585.7344468,1,0.0233,1.0,296.39,258.0,0.97,73.99,Active Engagement
1770212489.7678342,1,0.0203,1.0,298.21,122.0,0.59,69.36,Active Engagement
1770212591.5131142,1,0.0273,1.0,297.74,297.0,0.23,69.17,Active Engagement
1770300005.5,1,0.0108,0.4491,6.16,0.93,44.69,13.34,Disengaged
1770300020.0,1,0.0279,0.7834,20.98,59.52,3.84,54.48,Passive Engagement
1770212554.4257357,0,0.0,0.0,4.7,177.0,3.67,45.19,Disengaged
1770300004.5,1,0.0288,0.8522,6.83,4.48,13.85,51.97,Passive Engagement
1770300018.0,1,0.029,0.8804,4.97,4.1,5.76,53.95,Passive Engagement
1770300018.0,1,0.0213,0.7686,13.91,3.98,7.51,51.89,Passive Engagement
1770300002.5,1,0.0294,0.9234,0.3,5.59,5.73,49.09,Passive Engagement
1770142161.3185716,0,0.0,0.0,119.93,210.0,0.08,46.23,Disengaged
1770300014.5,1,0.0207,0.6766,60.69,34.61,3.52,55.5,Passive Engagement
1770300001.5,1,0.026,0.893,94.58,153.06,1.43,70.6,Active Engagement
1770300012.0,1,0.0174,0.7335,4.7,9.52,17.1,45.59,Passive Engagement
1770212585.7344468,1,0.0,0.0,24.05,223.0,7.51,14.59,Passive Engagement
1770212489.7678342,1,0.0,0.0,72.02,185.0,8.16,27.71,Passive Engagement
1770212489.7678342,0,0.0,0.0,16.94,71.0,15.95,39.24,Disengaged
1770300006.0,1,0.0252,0.7977,78.94,38.35,3.93,52.38,Passive Engagement
1770212584.7904513,1,0.0266,1.0,251.86,130.0,0.7,65.24,Active Engagement
1770212584.7904513,1,0.0283,1.0,164.88,55.0,1.49,71.35,Active Engagement
1770212585.7344468,1,0.0271,1.0,337.87,92.0,1.26,73.93,Active Engagement
1770212585.7344468,1,0.0231,1.0,337.63,77.0,0.1,77.75,Active Engagement
1770212586.468223,1,0.0266,1.0,309.42,268.0,1.16,78.89,Active Engagement
1770212584.7904513,1,0.0282,1.0,251.15,184.0,0.72,63.6,Active Engagement
1770141774.8674564,1,0.0213,1.0,68.95,193.0,0.66,49.52,Active Engagement
1770212549.017878,0,0.0,0.0,3.78,80.0,3.05,15.84,Disengaged
1770212585.7344468,0,0.0,0.0,37.62,368.0,16.58,8.45,Disengaged
1770212586.468223,0,0.0,0.0,79.87,133.0,13.0,33.51,Disengaged
1770300007.5,1,0.0204,0.7057,44.29,31.6,13.04,53.07,Passive Engagement
1770212554.4257357,1,0.0222,1.0,233.47,241.0,0.07,74.66,Active Engagement
1770300015.5,1,0.0237,0.7642,11.2,2.62,17.05,49.41,Passive Engagement
1770300006.5,1,0.0204,0.7329,25.82,34.6,11.02,56.42,Passive Engagement
1770300003.5,1,0.0122,0.3289,3.03,3.85,35.17,16.28,Disengaged
1770212591.5131142,1,0.028,1.0,331.5,241.0,0.97,78.85,Active Engagement
1770300020.5,1,0.026,0.8119,5.61,4.26,12.78,55.67,Passive Engagement
1770300008.5,1,0.0258,0.7166,24.93,53.96,5.69,58.37,Passive Engagement
1770212549.017878,1,0.0263,1.0,158.49,293.0,0.24,65.32,Active Engagement
1770300010.5,1,0.024,0.8098,3.64,7.74,9.69,48.51,Passive Engagement
1770300011.0,1,0.019,0.7875,39.29,26.28,9.05,55.0,Passive Engagement
1770300023.0,1,0.0232,0.8257,13.13,8.51,3.65,48.81,Passive Engagement
1770300009.5,0,0.0,0.0,13.02,5.54,42.71,7.69,Disengaged
1770212549.017878,1,0.0293,1.0,218.45,214.0,0.8,74.94,Active Engagement
1770212554.4257357,0,0.0,0.0,56.17,261.0,5.14,22.72,Disengaged
1770300020.5,1,0.0219,0.712,18.88,31.69,8.1,51.51,Passive Engagement
1770300004.5,1,0.0198,0.7783,313.93,122.63,1.04,74.68,Active Engagement
1770212585.7344468,0,0.0,0.0,71.46,163.0,8.06,27.25,Disengaged
1770212489.7678342,1,0.0,0.0,42.7,52.0,12.14,29.19,Disengaged
1770212534.0768254,1,0.0249,1.0,305.13,103.0,0.91,73.26,Active Engagement
1770300014.0,1,0.0232,0.8929,4.36,5.15,6.84,56.36,Passive Engagement
1770300009.5,1,0.0218,0.8785,11.38,7.19,9.48,53.27,Passive Engagement
1770212585.7344468,0,0.0,0.0,49.32,340.0,16.6,27.15,Disengaged
1770212534.0768254,1,0.0235,1.0,319.46,156.0,1.09,68.22,Active Engagement
1770212534.0768254,1,0.0268,1.0,292.64,258.0,0.51,72.17,Active Engagement
1770300005.0,1,0.0188,0.7181,8.32,16.42,9.83,48.22,Passive Engagement
1770212586.468223,1,0.0293,1.0,180.89,131.0,1.49,81.55,Active Engagement
1770212534.0768254,1,0.0275,1.0,260.58,216.0,1.21,73.72,Active Engagement
1770300011.5,1,0.0278,0.7624,7.3,4.91,17.07,52.72,Passive Engagement
1770212489.7678342,0,0.0,0.0,63.47,357.0,8.81,18.71,Disengaged
1770212585.7344468,1,0.0208,1.0,145.2,284.0,0.2,82.0,Active Engagement
1770300009.0,0,0.0,0.0,12.4,2.08,37.14,13.9,Disengaged
1770300006.5,1,0.0273,0.7823,120.17,169.42,2.56,69.42,Active Engagement
1770300012.0,1,0.0298,0.7564,91.15,204.87,0.44,70.36,Active Engagement
1770300015.5,0,0.0,0.0,172.93,135.29,3.65,50.37,Passive Engagement
1770300002.5,1,0.0239,0.6535,78.75,18.2,12.35,59.88,Passive Engagement
1770300009.5,1,0.0183,0.7361,3.58,48.84,4.58,59.11,Passive Engagement
1770212534.0768254,1,0.0222,1.0,203.08,251.0,0.94,65.17,Active Engagement
1770141730.7270126,0,0.0,0.0,3.0,750.0,1.4,37.65,Disengaged
1770212586.465346,1,0.0258,1.0,168.07,246.0,1.38,70.63,Active Engagement
1770300010.0,1,0.0246,0.7054,0.14,12.58,9.88,58.01,Passive Engagement
1770212489.7678342,1,0.0291,1.0,250.37,122.0,0.99,69.33,Active Engagement
1770212489.7678342,1,0.0243,1.0,291.32,214.0,0.2,77.66,Active Engagement
1770212584.7904513,0,0.0,0.0,7.42,256.0,6.03,14.67,Disengaged
1770212549.017878,1,0.0279,1.0,166.76,156.0,1.03,63.53,Active Engagement
1770212586.468223,0,0.0,0.0,28.61,197.0,13.7,32.78,Disengaged
1770300000.0,1,0.0161,0.733,313.74,138.89,1.49,70.55,Active Engagement
1770300003.5,1,0.026,0.7891,19.57,49.76,14.3,52.53,Passive Engagement
1770300013.5,1,0.0189,0.6083,3.57,5.3,12.55,47.05,Passive Engagement
1770212534.0768254,1,0.03,1.0,338.17,64.0,0.87,64.59,Active Engagement
1770212586.468223,0,0.0,0.0,13.16,83.0,19.75,20.38,Disengaged
1770212549.017878,1,0.0252,1.0,256.4,149.0,0.55,70.47,Active Engagement
1770212586.468223,1,0.0239,1.0,149.36,133.0,0.78,60.94,Active Engagement
1770300002.0,1,0.0298,0.8617,6.35,1.27,13.33,56.02,Passive Engagement
1770300003.0,1,0.0168,0.8459,357.67,189.07,1.0,71.69,Active Engagement
1770300003.5,0,0.0,0.0,221.88,67.76,3.18,53.38,Passive Engagement
1770212549.017878,1,0.0271,1.0,276.01,222.0,0.33,75.37,Active Engagement
1770212586.465346,1,0.0219,1.0,160.82,196.0,0.2,68.24,Active Engagement
1770300015.5,1,0.0285,0.8478,6.39,9.01,8.25,52.14,Passive Engagement
1770300011.5,0,0.0,0.0,315.27,191.51,0.51,52.96,Passive Engagement
1770300000.0,0,0.0,0.0,101.09,88.02,2.96,45.28,Passive Engagement
1770212585.7344468,0,0.0,0.0,64.8,376.0,7.54,32.1,Disengaged
1770212554.4257357,0,0.0,0.0,61.56,165.0,10.39,34.5,Disengaged
1770300012.0,0,0.0,0.0,250.05,131.52,3.6,54.72,Passive Engagement
1770212585.7344468,1,0.0259,1.0,137.56,150.0,0.18,80.45,Active Engagement
1770300011.0,1,0.025,0.8257,1.0,20.09,3.62,55.05,Passive Engagement
1770142015.1467614,0,0.0,0.0,299.81,185.0,0.04,57.32,Disengaged
1768932594.743243,0,0.0,0.0,0.0,49.0,8.2,5.56,Disengaged
1770300001.5,0,0.0,0.0,11.32,12.64,54.76,7.36,Disengaged
1770212554.4257357,0,0.0,0.0,61.98,395.0,6.37,32.37,Disengaged
1770300012.5,1,0.0184,0.8326,17.74,18.66,3.19,51.84,Passive Engagement
1770300014.5,1,0.017,0.7279,7.54,16.4,11.36,54.97,Passive Engagement
1770300009.5,0,0.0,0.0,14.57,160.6,5.26,46.27,Passive Engagement
1770300010.5,1,0.0157,0.3664,1.25,1.04,54.99,17.55,Disengaged
1770212586.465346,1,0.0217,1.0,315.61,172.0,0.99,83.91,Active Engagement
1770212554.4257357,1,0.0243,1.0,140.17,104.0,1.46,67.65,Active Engagement
1770212549.017878,1,0.0221,1.0,136.78,54.0,0.15,64.07,Active Engagement
1770212584.7904513,1,0.0255,1.0,151.3,84.0,1.39,64.98,Active Engagement
1770300019.5,1,0.0181,0.7314,13.13,18.19,4.16,58.36,Passive Engagement
1770212584.7904513,0,0.0,0.0,51.34,397.0,12.54,20.99,Disengaged
1770300018.0,1,0.0253,0.6804,52.52,29.55,15.39,57.1,Passive Engagement
1770139997.2614272,0,0.0,0.0,62.96,341.0,0.85,41.38,Disengaged
1770212554.4257357,1,0.0,0.0,60.69,363.0,11.26,19.22,Passive Engagement
1770142329.122664,1,0.0225,1.0,173.77,4.0,1.16,57.41,Active Engagement
1770212585.7344468,1,0.0265,1.0,325.98,100.0,0.76,60.11,Active Engagement
1770212554.4257357,1,0.0232,1.0,121.12,234.0,0.25,63.62,Active Engagement
1770300011.0,1,0.0229,0.8577,0.48,10.47,8.11,51.02,Passive Engagement
1770300008.5,0,0.0,0.0,1.01,228.79,1.83,47.19,Passive Engagement
1770300006.5,0,0.0,0.0,5.77,2.71,34.08,9.87,Disengaged
1770300011.0,1,0.017,0.3724,7.38,0.88,28.42,22.3,Disengaged
1770212585.7344468,1,0.0278,1.0,123.46,225.0,0.08,63.12,Active Engagement
1770212586.468223,1,0.0,0.0,46.68,20.0,6.72,26.43,Disengaged
1770300005.0,1,0.0267,0.8207,8.48,7.65,12.52,52.54,Passive Engagement
1770300010.0,0,0.0,0.0,129.94,153.62,4.45,52.09,Passive Engagement
1770300008.5,1,0.0194,0.712,46.99,13.58,12.23,59.51,Passive Engagement
1770212549.017878,1,0.0,0.0,32.77,205.0,11.46,24.07,Disengaged
1770300019.0,1,0.0257,0.7466,17.19,45.27,7.04,56.41,Passive Engagement
1770212586.468223,1,0.0,0.0,37.85,17.0,11.74,28.94,Disengaged
1770212554.4257357,1,0.0284,1.0,223.64,169.0,1.32,82.66,Active Engagement
1770212534.0768254,1,0.0235,1.0,241.68,139.0,0.91,68.07,Active Engagement
1770300008.5,1,0.0227,0.8954,11.68,7.17,9.74,49.72,Passive Engagement
1770300007.5,1,0.0209,0.8511,83.78,104.96,1.43,74.54,Active Engagement
1770300015.0,1,0.0221,0.7326,14.71,25.85,2.47,54.18,Passive Engagement
1770300012.0,0,0.0,0.0,119.65,181.74,4.97,51.73,Passive Engagement
1770212584.7904513,1,0.0294,1.0,122.73,219.0,0.85,66.76,Active Engagement
1770212549.017878,0,0.0,0.0,75.46,398.0,4.68,11.45,Disengaged
1770300016.0,0,0.0,0.0,267.72,80.28,3.2,51.18,Passive Engagement
1770300002.0,0,0.0,0.0,122.81,155.73,1.74,49.63,Passive Engagement
1770212586.468223,0,0.0,0.0,79.65,391.0,13.69,7.7,Disengaged
1770300004.5,0,0.0,0.0,10.93,0.65,20.19,14.29,Disengaged
1770212549.017878,1,0.0212,1.0,226.16,136.0,0.34,65.01,Active Engagement
1770212489.7678342,0,0.0,0.0,70.71,187.0,11.08,28.24,Disengaged
1770212586.468223,0,0.0,0.0,69.67,89.0,11.39,15.82,Disengaged
1770300002.0,1,0.0171,0.7162,1.16,7.8,17.98,46.93,Passive Engagement
1770300010.5,1,0.0204,0.8274,1.43,50.05,14.06,57.72,Passive Engagement
1770212584.7904513,1,0.0256,1.0,175.32,170.0,0.46,64.48,Active Engagement
1770212489.7678342,1,0.0,0.0,35.68,261.0,11.02,27.56,Disengaged
1770212586.468223,1,0.0,0.0,12.97,103.0,3.71,13.33,Disengaged
1770300017.5,1,0.0187,0.8263,1.39,24.03,6.34,51.73,Passive Engagement
1770212591.5131142,0,0.0,0.0,73.48,247.0,13.68,27.75,Disengaged
1770212549.017878,1,0.0,0.0,32.27,143.0,12.55,32.03,Disengaged
1770212584.7904513,1,0.0285,1.0,134.63,182.0,1.09,80.65,Active Engagement
1770212554.4257357,1,0.0212,1.0,258.36,150.0,0.94,76.79,Active Engagement
1770212591.5131142,1,0.0,0.0,28.45,204.0,13.31,20.36,Disengaged
1770212534.0768254,1,0.0201,1.0,126.77,59.0,1.06,62.07,Active Engagement
1770300004.0,0,0.0,0.0,12.85,200.46,5.9,45.12,Passive Engagement
1770273713.4446387,1,0.0173,1.0,318.61,31.0,0.21,61.2,Active Engagement
1770300006.0,1,0.0285,0.7851,0.87,2.81,7.4,53.62,Passive Engagement
1770300014.0,1,0.0231,0.7394,1.0,2.15,5.61,51.2,Passive Engagement
1770212534.0768254,0,0.0,0.0,38.55,330.0,6.85,43.92,Disengaged
1770212534.0768254,1,0.0208,1.0,174.23,289.0,0.57,70.75,Active Engagement
1770212591.5131142,1,0.023,1.0,307.91,214.0,0.71,70.8,Active Engagement
1770300003.5,1,0.0255,0.7201,31.8,18.2,8.12,52.31,Passive Engagement
1770212489.7678342,1,0.0237,1.0,199.79,172.0,1.44,66.91,Active Engagement
1770300011.5,0,0.0,0.0,107.61,180.39,0.54,45.25,Passive Engagement
1770300002.0,1,0.0222,0.7569,84.65,239.4,0.06,71.39,Active Engagement
1770212585.7344468,1,0.0,0.0,13.09,14.0,3.38,28.32,Disengaged
1770212554.4257357,0,0.0,0.0,47.75,309.0,3.81,36.99,Disengaged
1770212489.7678342,1,0.021,1.0,210.51,209.0,0.62,68.63,Active Engagement
1770212585.7344468,1,0.0211,1.0,124.71,261.0,0.89,81.21,Active Engagement
1770212549.017878,0,0.0,0.0,61.97,78.0,7.65,48.34,Disengaged
1770300014.5,0,0.0,0.0,13.08,9.03,25.35,13.94,Disengaged
1770300010.5,0,0.0,0.0,119.57,135.31,0.41,43.16,Passive Engagement
1770300008.5,1,0.0192,0.7903,319.63,70.06,1.55,74.82,Active Engagement
1770212554.4257357,1,0.0,0.0,6.64,264.0,10.8,10.2,Disengaged
1770212586.468223,1,0.0,0.0,64.43,381.0,7.16,33.52,Passive Engagement
1770300015.0,1,0.024,0.9378,3.64,9.05,19.77,51.62,Passive Engagement
1770212584.7904513,1,0.0,0.0,22.37,244.0,8.08,36.56,Passive Engagement
1770212585.7344468,1,0.0294,1.0,165.39,256.0,1.34,80.21,Active Engagement
1770300013.5,1,0.013,0.3382,3.09,1.97,32.86,19.27,Disengaged
1770212534.0768254,0,0.0,0.0,66.53,132.0,16.24,22.17,Disengaged
1770212534.0768254,1,0.0,0.0,14.04,367.0,17.86,7.28,Disengaged
1770300008.0,0,0.0,0.0,340.92,56.06,2.82,48.02,Passive Engagement
1770212489.7678342,1,0.0297,1.0,177.06,167.0,1.48,82.81,Active Engagement
1770212585.7344468,1,0.0291,1.0,195.8,233.0,1.34,74.78,Active Engagement
1770300009.5,1,0.0241,0.8283,79.57,96.73,1.84,70.74,Active Engagement
1770212534.0768254,1,0.0,0.0,12.6,354.0,6.05,25.39,Passive Engagement
1770212591.5131142,1,0.0247,1.0,280.48,119.0,1.01,66.42,Active Engagement
1770212586.465346,1,0.0213,1.0,282.18,286.0,0.29,82.51,Active Engagement
1770300016.5,1,0.0216,0.7769,18.42,54.32,13.97,55.04,Passive Engagement
1770212584.7904513,1,0.0,0.0,30.16,75.0,5.82,30.89,Disengaged
1770142195.9143524,0,0.0,0.0,263.75,24.0,0.02,50.92,Disengaged
1770300018.5,0,0.0,0.0,288.82,75.33,3.75,46.88,Passive Engagement
1770300010.0,0,0.0,0.0,227.9,59.47,3.88,48.11,Passive Engagement
1770300003.5,0,0.0,0.0,3.0,4.38,58.88,14.08,Disengaged
1770212586.468223,1,0.0257,1.0,131.5,275.0,0.33,83.47,Active Engagement
1770300012.0,1,0.0247,0.79,4.97,5.21,9.58,47.22,Passive Engagement
1770300014.0,1,0.0195,0.7763,10.1,33.71,3.55,51.34,Passive Engagement
1770212489.7678342,1,0.0266,1.0,267.76,170.0,0.44,80.87,Active Engagement
1770212549.017878,1,0.0253,1.0,258.83,101.0,0.53,83.28,Active Engagement
1770212554.4257357,0,0.0,0.0,68.52,134.0,8.3,20.33,Disengaged
1770300008.0,0,0.0,0.0,103.37,127.05,1.2,50.52,Passive Engagement
1770300011.5,1,0.0252,0.8625,0.01,1.68,17.94,48.01,Passive Engagement
1770300012.5,1,0.0177,0.6879,1.95,13.59,7.0,45.99,Passive Engagement
1770300007.0,0,0.0,0.0,4.49,225.47,2.4,41.35,Passive Engagement
1770212549.017878,1,0.0222,1.0,333.53,294.0,0.43,78.79,Active Engagement
1770212584.7904513,1,0.0269,1.0,273.86,270.0,0.44,79.0,Active Engagement
1770300005.0,0,0.0,0.0,94.57,143.53,4.41,50.61,Passive Engagement
1770300003.0,1,0.019,0.8089,2.11,56.8,3.79,59.59,Passive Engagement
1770300007.0,1,0.0172,0.7291,8.23,10.78,15.47,45.93,Passive Engagement
1770142103.6671305,1,0.0263,1.0,272.78,151.0,1.16,69.5,Active Engagement
1770212534.0768254,1,0.0,0.0,10.31,364.0,11.89,19.83,Disengaged
1770212584.7904513,0,0.0,0.0,37.01,364.0,6.64,43.57,Disengaged
1770212554.4257357,1,0.0,0.0,26.91,350.0,4.98,40.81,Passive Engagement
1770300006.5,1,0.0231,0.8548,0.54,3.03,5.27,52.53,Passive Engagement
1770300012.5,1,0.0127,0.3983,0.75,9.5,47.46,21.76,Disengaged
1770212549.017878,0,0.0,0.0,2.8,293.0,9.4,27.45,Disengaged
1770212534.0768254,1,0.0221,1.0,176.12,163.0,0.03,71.53,Active Engagement
1770300012.0,1,0.0207,0.8065,24.51,40.58,2.71,56.16,Passive Engagement
1770212549.017878,1,0.025,1.0,247.08,214.0,1.17,75.07,Active Engagement
1770212584.7904513,1,0.0,0.0,52.67,310.0,10.0,13.21,Passive Engagement
1770300015.0,1,0.0164,0.6602,3.24,18.97,12.08,53.06,Passive Engagement
1770300013.0,1,0.0231,0.6503,79.6,14.83,3.81,55.58,Passive Engagement
1770300005.5,0,0.0,0.0,115.41,101.02,1.79,47.78,Passive Engagement
1770300019.5,1,0.0278,0.885,6.07,14.75,11.29,53.15,Passive Engagement
1770300008.5,1,0.0232,0.9311,2.27,8.42,16.88,55.84,Passive Engagement
1770300002.0,1,0.0278,0.7792,7.0,0.44,5.31,53.83,Passive Engagement
1770300007.0,0,0.0,0.0,2.62,11.46,39.85,16.19,Disengaged
1770212489.7678342,1,0.0223,1.0,323.59,284.0,0.08,73.7,Active Engagement
1770300000.5,1,0.0244,0.7608,116.19,277.54,0.03,68.79,Active Engagement
1770212549.017878,1,0.0244,1.0,205.75,246.0,0.09,71.51,Active Engagement
1770300007.5,1,0.0192,0.7107,2.57,15.05,11.06,52.5,Passive Engagement
1770212549.017878,1,0.0243,1.0,277.24,230.0,0.71,67.65,Active Engagement
1770142065.275359,0,0.0,0.0,335.84,51.0,0.12,51.8,Disengaged
1770273133.944928,1,0.0216,1.0,219.26,0.0,0.23,62.5,Active Engagement
1770212489.7678342,1,0.0234,1.0,304.65,205.0,0.55,72.72,Active Engagement
1770300000.5,0,0.0,0.0,8.43,1.9,50.06,12.08,Disengaged
1770300013.5,0,0.0,0.0,94.81,100.38,0.98,43.58,Passive Engagement
1770300001.0,1,0.0264,0.8734,6.65,2.27,11.32,47.64,Passive Engagement
1770300000.0,1,0.0181,0.7694,51.21,19.28,4.22,59.9,Passive Engagement
1770212591.5131142,1,0.0247,1.0,218.31,139.0,1.09,81.23,Active Engagement
1770212584.7904513,1,0.0223,1.0,321.24,137.0,0.43,62.74,Active Engagement
1770300012.5,1,0.023,0.7626,67.62,12.42,15.01,55.38,Passive Engagement
1770212554.4257357,1,0.0221,1.0,159.32,277.0,1.45,62.95,Active Engagement
1770184247.2129197,1,0.0198,1.0,0.0,24.0,0.01,32.82,Passive Engagement
1770300006.0,0,0.0,0.0,171.46,101.62,0.39,54.47,Passive Engagement
1770212586.468223,1,0.0,0.0,8.86,146.0,5.45,40.18,Disengaged
1770300006.0,1,0.0162,0.4199,4.82,8.57,27.94,15.76,Disengaged
1770212585.7344468,0,0.0,0.0,68.06,27.0,7.85,20.01,Disengaged
1770212554.4257357,1,0.024,1.0,212.25,152.0,1.47,64.94,Active Engagement
1770212489.7678342,1,0.027,1.0,304.4,255.0,0.75,67.66,Active Engagement
1770300013.0,1,0.0111,0.348,2.95,5.37,33.91,13.61,Disengaged
1770212585.7344468,1,0.0,0.0,73.62,389.0,3.24,9.89,Passive Engagement
1770212591.5131142,1,0.021,1.0,341.43,101.0,1.08,68.27,Active Engagement
1770300014.0,1,0.0131,0.3518,4.27,7.72,36.37,18.88,Disengaged
1770300003.5,0,0.0,0.0,3.91,155.61,2.88,49.62,Passive Engagement
1770300019.5,1,0.0248,0.6983,52.67,22.14,11.22,54.34,Passive Engagement
1770212549.017878,1,0.0,0.0,29.93,149.0,16.6,14.05,Disengaged
1770300005.0,0,0.0,0.0,15.09,105.65,2.81,43.01,Passive Engagement
1770300010.0,0,0.0,0.0,14.9,221.28,4.5,43.88,Passive Engagement
1770212591.5131142,1,0.0,0.0,55.68,232.0,16.33,49.22,Disengaged
1770300000.0,0,0.0,0.0,10.47,14.8,38.34,7.93,Disengaged
1770300008.5,0,0.0,0.0,95.69,112.74,0.65,47.39,Passive Engagement
1770300008.0,1,0.0263,0.7443,11.46,32.12,5.93,59.18,Passive Engagement
1770300014.5,1,0.0177,0.3783,7.28,7.94,26.76,17.29,Disengaged
1770212549.017878,1,0.0273,1.0,344.0,229.0,0.59,67.71,Active Engagement
1770300008.0,1,0.0255,0.6681,73.77,8.51,6.44,59.46,Passive Engagement
1770212549.017878,1,0.0208,1.0,249.94,165.0,1.19,62.03,Active Engagement
1770300002.0,0,0.0,0.0,171.27,139.14,3.51,48.74,Passive Engagement
1770300007.0,1,0.0193,0.688,29.62,34.82,10.59,58.35,Passive Engagement
1770300007.0,1,0.02,0.8024,167.04,122.56,1.23,70.87,Active Engagement
1770212534.0768254,1,0.0244,1.0,296.24,125.0,0.06,74.68,Active Engagement
1770212554.4257357,1,0.0288,1.0,244.27,289.0,0.14,83.67,Active Engagement
1770300001.0,1,0.0249,0.7869,32.73,21.44,12.54,59.78,Passive Engagement
1770212534.0768254,1,0.0203,1.0,198.38,261.0,0.75,66.79,Active Engagement
1770212586.468223,0,0.0,0.0,3.15,394.0,12.24,16.63,Disengaged
1770212586.468223,1,0.0266,1.0,204.75,214.0,0.47,62.53,Active Engagement
1770300010.5,1,0.0208,0.6729,2.6,8.37,14.61,53.27,Passive Engagement
1770300011.5,1,0.0255,0.7945,21.28,17.76,11.55,51.93,Passive Engagement
1770300005.0,0,0.0,0.0,277.03,106.51,2.47,45.4,Passive Engagement
1770212534.0768254,1,0.0298,1.0,326.8,243.0,0.08,78.35,Active Engagement
1770212489.7678342,1,0.022,1.0,172.22,119.0,0.82,73.57,Active Engagement
1770212549.017878,1,0.0255,1.0,211.11,253.0,0.62,70.06,Active Engagement
1770212586.468223,1,0.0298,1.0,268.46,150.0,1.18,84.26,Active Engagement
1770300003.0,1,0.0121,0.3059,0.87,2.4,33.22,13.33,Disengaged
1770212549.017878,1,0.0,0.0,40.05,178.0,5.33,41.19,Passive Engagement
1770300000.0,0,0.0,0.0,18.27,112.41,4.07,49.14,Passive Engagement
1770300009.5,1,0.0173,0.7143,150.13,120.47,2.31,77.33,Active Engagement
1768933878.9063776,1,0.0285,1.0,185.88,0.0,7.75,49.48,Active Engagement
1770300011.0,0,0.0,0.0,103.86,139.32,2.04,48.68,Passive Engagement
1770212489.7678342,1,0.0207,1.0,265.55,60.0,0.75,76.39,Active Engagement
1770212591.5131142,1,0.0248,1.0,138.86,247.0,0.24,83.98,Active Engagement
1770300019.0,1,0.029,0.838,4.89,8.3,10.94,54.78,Passive Engagement
1770212554.4257357,1,0.0,0.0,30.62,333.0,13.75,32.27,Disengaged
1770212584.7904513,0,0.0,0.0,36.97,133.0,14.65,34.11,Disengaged
1770300008.5,1,0.0167,0.6264,1.75,16.46,9.58,54.9,Passive Engagement
1770300004.0,1,0.0239,0.7143,15.4,18.56,9.34,55.72,Passive Engagement
1770300005.0,1,0.0242,0.933,1.5,1.27,10.13,55.18,Passive Engagement
1770300001.0,0,0.0,0.0,189.48,74.09,3.1,49.97,Passive Engagement
1770300006.5,1,0.0133,0.3064,3.59,2.65,36.78,17.25,Disengaged
1770212554.4257357,1,0.0,0.0,65.91,187.0,19.11,40.27,Disengaged
1770300023.5,1,0.019,0.7598,22.93,41.54,4.31,53.39,Passive Engagement
1770212584.7904513,1,0.0267,1.0,176.63,214.0,1.32,63.34,Active Engagement
1770212586.468223,1,0.0206,1.0,207.87,96.0,0.32,83.27,Active Engagement
1770212534.0768254,1,0.0,0.0,23.79,30.0,12.2,21.16,Disengaged
1770300009.0,0,0.0,0.0,155.85,58.97,3.34,46.56,Passive Engagement
1770300013.5,1,0.0224,0.8207,7.35,0.14,7.82,48.31,Passive Engagement
1770300006.0,1,0.0173,0.8033,359.25,101.3,1.71,72.9,Active Engagement
1770300018.5,1,0.0266,0.8933,4.3,9.25,3.37,52.55,Passive Engagement
1770300010.5,0,0.0,0.0,171.66,92.91,3.86,45.94,Passive Engagement
1770212591.5131142,1,0.0,0.0,3.03,305.0,11.99,42.69,Disengaged
1770212534.0768254,1,0.0,0.0,8.57,207.0,8.24,17.12,Passive Engagement
1770212534.0768254,1,0.0,0.0,43.84,392.0,10.94,45.39,Disengaged
1770300017.0,1,0.0182,0.699,31.87,32.24,14.19,53.47,Passive Engagement
1770300011.0,1,0.0234,0.8132,67.02,254.39,2.83,67.22,Active Engagement
1770300005.5,1,0.022,0.7202,4.91,17.86,6.01,53.79,Passive Engagement
1770300003.0,1,0.0212,0.6979,56.52,25.33,8.32,57.02,Passive Engagement
1770212585.7344468,1,0.0237,1.0,292.42,183.0,0.5,72.37,Active Engagement
1770212591.5131142,1,0.0205,1.0,220.07,63.0,0.04,65.08,Active Engagement
1770212584.7904513,0,0.0,0.0,11.48,195.0,12.12,38.11,Disengaged
1770212549.017878,0,0.0,0.0,27.18,22.0,5.47,20.49,Disengaged
1770212534.0768254,0,0.0,0.0,70.18,352.0,3.43,31.05,Disengaged
1770300000.5,1,0.0181,0.8298,157.11,115.5,2.84,70.51,Active Engagement
1770300022.5,1,0.0214,0.8267,12.06,48.43,13.08,55.05,Passive Engagement
1770212534.0768254,0,0.0,0.0,6.7,269.0,5.9,22.26,Disengaged
1770300009.5,1,0.0148,0.4224,0.54,5.12,32.76,19.63,Disengaged
1770212549.017878,0,0.0,0.0,79.97,236.0,11.87,40.13,Disengaged
1770300023.0,1,0.0271,0.7881,21.26,27.03,8.48,55.31,Passive Engagement
1770212584.7904513,1,0.0255,1.0,267.91,235.0,0.45,74.66,Active Engagement
1770212584.7904513,1,0.0231,1.0,170.95,269.0,0.67,72.49,Active Engagement
1770212586.468223,1,0.0257,1.0,237.44,162.0,0.35,76.17,Active Engagement
1770212534.0768254,1,0.0,0.0,53.13,50.0,6.3,17.82,Passive Engagement
1770212549.017878,0,0.0,0.0,15.32,131.0,13.42,42.8,Disengaged
1770212549.017878,1,0.0,0.0,25.87,12.0,8.31,47.11,Disengaged
1770212586.468223,0,0.0,0.0,49.18,101.0,12.98,23.06,Disengaged
1770212554.4257357,1,0.0,0.0,65.97,51.0,11.43,33.61,Disengaged
1770212586.468223,1,0.0232,1.0,315.72,257.0,0.36,60.6,Active Engagement
1770300014.0,1,0.0211,0.7669,202.41,166.31,1.66,70.21,Active Engagement
1770300019.5,1,0.0163,0.7021,5.63,0.53,14.41,53.52,Passive Engagement
1770300005.5,1,0.018,0.8029,346.97,70.88,2.3,73.08,Active Engagement
1770212534.0768254,1,0.0,0.0,72.02,247.0,5.39,29.25,Passive Engagement
1770300012.0,1,0.0261,0.8734,2.66,6.47,16.71,56.41,Passive Engagement
1770212586.468223,1,0.0288,1.0,306.87,67.0,1.3,79.88,Active Engagement
1770300012.0,1,0.0172,0.338,5.64,0.67,26.16,19.54,Disengaged
1770300000.5,0,0.0,0.0,202.76,181.81,1.49,50.65,Passive Engagement
1770300002.5,1,0.0264,0.8416,114.37,260.21,2.14,68.03,Active Engagement
1770212554.4257357,1,0.0243,1.0,312.61,147.0,0.01,63.8,Active Engagement
1770300014.0,1,0.0229,0.893,1.93,8.54,13.85,56.49,Passive Engagement
1770300003.5,1,0.0241,0.7765,117.71,284.39,0.6,76.3,Active Engagement
1770300011.5,1,0.0214,0.6099,0.01,4.25,16.52,51.46,Passive Engagement
1770300017.0,0,0.0,0.0,179.7,115.68,3.78,48.78,Passive Engagement
1770300005.5,1,0.0273,0.8773,93.07,197.06,0.94,76.69,Active Engagement
1770300005.5,1,0.0285,0.9498,2.37,6.12,7.05,53.75,Passive Engagement
1770300012.5,0,0.0,0.0,124.49,117.72,2.01,45.68,Passive Engagement
1770300007.5,1,0.0173,0.7661,320.87,93.19,2.49,75.46,Active Engagement
1770212585.7344468,1,0.0,0.0,77.65,187.0,17.86,19.34,Disengaged
1770300001.0,0,0.0,0.0,10.85,13.04,45.16,13.12,Disengaged
1770212591.5131142,1,0.0,0.0,75.87,30.0,8.39,31.46,Disengaged
1770212554.4257357,1,0.0,0.0,21.84,37.0,16.24,16.01,Disengaged
1770300003.5,0,0.0,0.0,90.77,169.42,0.66,44.99,Passive Engagement
1770212586.468223,1,0.0,0.0,50.14,322.0,4.96,13.51,Passive Engagement
1770212591.5131142,1,0.0,0.0,4.95,66.0,5.88,47.9,Disengaged
1770212534.0768254,1,0.0287,1.0,189.0,272.0,0.51,66.43,Active Engagement
1770300019.0,1,0.0182,0.71,72.51,26.36,8.77,60.36,Passive Engagement
1770212554.4257357,1,0.0294,1.0,330.25,241.0,1.02,62.62,Active Engagement
1770300012.5,0,0.0,0.0,18.36,247.47,2.11,47.38,Passive Engagement
1770300022.0,1,0.0245,0.8005,19.07,12.91,6.77,55.4,Passive Engagement
1770300009.0,1,0.025,0.7009,51.85,13.69,6.18,52.61,Passive Engagement
1770212585.7344468,1,0.0,0.0,26.3,351.0,15.77,14.29,Disengaged
1770300005.5,0,0.0,0.0,6.54,4.87,40.87,11.31,Disengaged
1770300014.5,0,0.0,0.0,89.6,101.06,4.06,45.65,Passive Engagement
1770212554.4257357,1,0.0261,1.0,210.05,194.0,1.34,67.76,Active Engagement
1770300000.5,0,0.0,0.0,111.88,86.1,4.91,47.69,Passive Engagement
1770300011.5,1,0.0223,0.6781,79.32,33.64,12.64,55.69,Passive Engagement
1770212584.7904513,1,0.0,0.0,67.89,188.0,5.62,16.91,Passive Engagement
1770300017.5,1,0.022,0.8025,7.94,8.77,6.9,56.97,Passive Engagement
1770212586.468223,1,0.029,1.0,284.34,115.0,0.86,78.06,Active Engagement
1770300010.5,1,0.018,0.7962,244.82,166.35,0.69,79.06,Active Engagement
1770300008.0,1,0.0197,0.6552,2.19,4.17,14.52,46.19,Passive Engagement
1770212585.7344468,1,0.0207,1.0,204.12,191.0,0.26,83.79,Active Engagement
1770212554.4257357,0,0.0,0.0,32.9,76.0,15.32,49.67,Disengaged
1770300007.0,1,0.0271,0.8515,3.36,14.39,16.28,53.41,Passive Engagement
1770300009.5,1,0.0283,0.8278,4.5,1.53,14.79,57.55,Passive Engagement
1770212584.7904513,1,0.0254,1.0,250.28,94.0,0.5,76.59,Active Engagement
1770212585.7344468,0,0.0,0.0,49.97,191.0,12.32,37.85,Disengaged
1770212585.7344468,0,0.0,0.0,10.48,143.0,8.41,23.03,Disengaged
1770212554.4257357,1,0.0224,1.0,304.71,52.0,0.34,77.16,Active Engagement
1770300007.0,1,0.017,0.3406,7.15,4.26,34.83,18.03,Disengaged
1770300007.0,1,0.0262,0.889,78.05,235.51,2.96,68.51,Active Engagement
1770212591.5131142,1,0.0294,1.0,148.45,242.0,1.44,61.2,Active Engagement
1770212585.7344468,1,0.025,1.0,275.19,274.0,1.44,80.97,Active Engagement
1770212591.5131142,0,0.0,0.0,50.43,57.0,9.81,17.03,Disengaged
1770300013.0,1,0.0246,0.9396,0.39,6.91,15.67,49.5,Passive Engagement
1770300008.5,0,0.0,0.0,8.6,7.47,43.22,10.77,Disengaged
1770300010.0,1,0.0265,0.7663,60.96,142.14,1.37,70.94,Active Engagement
1770300013.5,0,0.0,0.0,5.5,7.82,38.49,10.27,Disengaged
1770300003.0,1,0.0274,0.907,6.19,12.98,16.09,56.01,Passive Engagement
1770300005.5,0,0.0,0.0,3.71,164.21,1.74,48.96,Passive Engagement
1770300016.0,1,0.0245,0.8117,0.24,5.2,5.29,49.65,Passive Engagement
1770300001.5,0,0.0,0.0,15.44,150.53,5.01,43.13,Passive Engagement
1770300021.5,1,0.0207,0.8392,2.19,8.25,7.66,48.44,Passive Engagement
1770300009.0,1,0.0121,0.4394,0.92,5.64,46.63,13.59,Disengaged
1770300007.0,1,0.0218,0.848,17.94,57.56,3.54,58.51,Passive Engagement
1770212489.7678342,0,0.0,0.0,0.54,45.0,4.31,10.69,Disengaged
1770212554.4257357,0,0.0,0.0,44.16,88.0,7.21,29.24,Disengaged
1770300002.5,1,0.0172,0.6634,6.2,18.66,17.73,45.7,Passive Engagement
1770212549.017878,1,0.0247,1.0,236.82,292.0,0.45,71.07,Active Engagement
1770300005.5,1,0.0256,0.7956,0.46,4.37,6.22,51.09,Passive Engagement
1770212489.7678342,1,0.0254,1.0,328.53,161.0,0.26,68.88,Active Engagement
1770300013.5,1,0.0223,0.7556,8.32,3.71,15.45,55.08,Passive Engagement
1770212549.017878,1,0.0276,1.0,325.96,183.0,1.22,68.81,Active Engagement
1770300000.5,1,0.0212,0.7524,28.96,38.65,5.32,53.0,Passive Engagement
1770300006.5,1,0.0193,0.7933,290.38,147.3,0.41,76.94,Active Engagement
1770300006.5,0,0.0,0.0,5.09,111.61,5.66,45.02,Passive Engagement
1770300002.0,0,0.0,0.0,0.09,181.39,5.96,41.39,Passive Engagement
1770300002.5,1,0.0142,0.38,1.42,6.13,25.42,22.28,Disengaged
1770300000.0,0,0.0,0.0,239.21,119.86,0.02,52.87,Passive Engagement
1770212534.0768254,1,0.0264,1.0,320.32,287.0,0.73,65.6,Active Engagement
1770300000.0,1,0.0258,0.7202,13.4,35.71,13.15,54.63,Passive Engagement
1770212554.4257357,1,0.0205,1.0,125.93,253.0,1.06,77.34,Active Engagement
1770300004.5,0,0.0,0.0,244.5,119.55,2.76,46.63,Passive Engagement
1770300005.5,1,0.0257,0.8007,8.34,54.92,11.91,52.71,Passive Engagement
1770300018.5,1,0.02,0.7438,39.23,39.16,8.2,57.85,Passive Engagement
1770212591.5131142,1,0.0274,1.0,195.34,157.0,0.77,73.6,Active Engagement
1770300020.0,1,0.0283,0.8695,3.49,5.31,12.09,55.68,Passive Engagement
1770300001.0,1,0.0205,0.7386,349.32,164.45,2.66,72.16,Active Engagement
1770212549.017878,0,0.0,0.0,42.45,214.0,8.25,33.07,Disengaged
1770212586.465346,1,0.0243,1.0,245.49,290.0,0.61,60.04,Active Engagement
1770212586.465346,1,0.0274,1.0,316.3,63.0,0.53,80.59,Active Engagement
1770300016.5,0,0.0,0.0,320.11,192.33,1.39,45.91,Passive Engagement
1770300002.5,0,0.0,0.0,4.16,173.03,4.86,41.89,Passive Engagement
1770212554.4257357,1,0.0204,1.0,315.73,152.0,1.21,81.19,Active Engagement
1768932959.0013864,0,0.0,0.0,176.93,70.0,1.83,45.68,Disengaged
1770300017.5,0,0.0,0.0,299.57,131.07,0.73,48.21,Passive Engagement
1770300014.5,1,0.022,0.928,4.95,2.44,16.59,56.55,Passive Engagement
1770300010.0,1,0.0162,0.7855,185.49,191.75,0.5,76.27,Active Engagement
1770300024.5,1,0.0181,0.7417,17.58,41.69,14.76,56.2,Passive Engagement
1770300002.5,0,0.0,0.0,152.24,171.64,1.93,50.64,Passive Engagement
1770300016.5,1,0.022,0.7965,11.66,9.72,10.51,48.44,Passive Engagement
1770300016.0,1,0.0192,0.6877,1.28,6.42,6.7,46.03,Passive Engagement
1770300015.0,1,0.0251,0.7624,79.51,23.6,11.58,54.02,Passive Engagement
1770212534.0768254,1,0.0241,1.0,348.57,123.0,0.15,60.46,Active Engagement
1770300000.5,0,0.0,0.0,4.71,134.19,5.79,43.65,Passive Engagement
1770300017.0,1,0.0234,0.7399,3.91,6.59,10.31,50.68,Passive Engagement
1770300005.0,1,0.0273,0.718,2.93,14.39,10.55,54.19,Passive Engagement
1770212586.468223,1,0.0224,1.0,150.45,97.0,1.14,71.78,Active Engagement
1770212591.5131142,1,0.0,0.0,41.61,330.0,4.22,34.8,Passive Engagement
1770212489.7678342,1,0.0282,1.0,319.41,173.0,0.71,70.2,Active Engagement
1770212489.7678342,1,0.0293,1.0,229.94,214.0,0.3,75.61,Active Engagement
1770300003.0,0,0.0,0.0,120.61,140.69,3.68,47.6,Passive Engagement
1770212549.017878,0,0.0,0.0,17.51,296.0,5.47,30.26,Disengaged
1770212534.0768254,0,0.0,0.0,66.07,268.0,10.61,48.18,Disengaged
1770207626.1941054,0,0.0,0.0,71.87,22.0,0.13,31.4,Disengaged
1770300002.0,1,0.0203,0.7953,321.12,134.43,1.43,74.5,Active Engagement
1770212554.4257357,1,0.0243,1.0,192.83,113.0,1.04,72.03,Active Engagement
1770212591.5131142,0,0.0,0.0,36.19,47.0,18.0,27.93,Disengaged
1770300019.5,0,0.0,0.0,226.07,199.22,1.95,49.78,Passive Engagement
1770212585.7344468,1,0.0,0.0,62.98,164.0,10.67,43.91,Passive Engagement
1770212584.7904513,1,0.0204,1.0,203.49,98.0,0.09,77.09,Active Engagement
1770212586.468223,1,0.0219,1.0,148.14,191.0,1.07,63.87,Active Engagement
1770300010.5,1,0.0256,0.6745,53.26,12.27,6.29,51.3,Passive Engagement
1770212586.465346,1,0.0226,1.0,306.09,57.0,0.76,61.04,Active Engagement
1770300014.5,1,0.0208,0.7457,10.7,40.55,10.25,54.12,Passive Engagement
1770212591.5131142,1,0.0,0.0,35.35,369.0,9.36,10.68,Passive Engagement
1770212534.0768254,0,0.0,0.0,46.04,128.0,15.41,25.74,Disengaged
1770212489.7678342,0,0.0,0.0,33.05,280.0,16.83,19.71,Disengaged
1770212591.5131142,1,0.0211,1.0,218.59,260.0,0.21,83.57,Active Engagement
1770300017.0,1,0.023,0.8216,5.54,2.59,12.61,57.92,Passive Engagement
1770212534.0768254,0,0.0,0.0,43.3,39.0,7.47,35.81,Disengaged
1770300003.0,0,0.0,0.0,3.07,1.4,55.52,14.64,Disengaged
1770300003.5,1,0.027,0.7969,12.48,8.05,8.81,49.88,Passive Engagement
1770212489.7678342,0,0.0,0.0,51.05,39.0,7.37,24.47,Disengaged
1770300004.5,0,0.0,0.0,8.07,237.74,1.48,48.3,Passive Engagement
1770141982.7453334,0,0.0,0.0,155.89,0.0,0.11,43.16,Disengaged
1770212549.017878,1,0.0252,1.0,252.01,105.0,0.13,60.53,Active Engagement
1770212489.7678342,1,0.0226,1.0,120.48,230.0,1.41,67.1,Active Engagement
1770212591.5131142,1,0.0,0.0,32.42,313.0,18.24,39.08,Disengaged
1770212585.7344468,0,0.0,0.0,75.97,133.0,10.77,44.94,Disengaged
1770212549.017878,0,0.0,0.0,74.67,317.0,4.99,41.95,Disengaged
1770300015.0,0,0.0,0.0,182.0,57.37,0.61,45.63,Passive Engagement
1770212554.4257357,1,0.028,1.0,222.57,203.0,0.15,82.86,Active Engagement
1770300009.0,0,0.0,0.0,95.15,124.31,1.18,50.63,Passive Engagement
1770212489.7678342,1,0.0267,1.0,149.3,201.0,0.89,62.66,Active Engagement
1770212585.7344468,1,0.0219,1.0,144.36,225.0,1.15,60.29,Active Engagement
1770300007.5,0,0.0,0.0,224.84,55.38,2.14,54.94,Passive Engagement
1770300013.0,1,0.0177,0.6634,1.76,2.69,16.04,48.2,Passive Engagement
1770300015.5,1,0.0174,0.7468,4.99,9.87,17.59,48.81,Passive Engagement
1770212584.7904513,1,0.026,1.0,122.99,163.0,0.67,67.26,Active Engagement
1770300004.0,1,0.0212,0.7488,9.99,10.33,5.33,52.28,Passive Engagement
1770212554.4257357,1,0.0,0.0,24.39,314.0,17.99,20.11,Disengaged
1770300016.5,1,0.0229,0.6884,3.59,8.17,10.04,51.33,Passive Engagement
1770212591.5131142,1,0.0299,1.0,329.29,238.0,1.03,81.5,Active Engagement
1770212591.5131142,1,0.0264,1.0,334.5,146.0,0.76,64.05,Active Engagement
1770300013.0,0,0.0,0.0,9.98,10.28,30.53,11.19,Disengaged
1770300006.0,0,0.0,0.0,18.15,218.44,1.6,43.74,Passive Engagement
1770212554.4257357,1,0.0,0.0,4.09,201.0,18.8,23.04,Disengaged
1770212549.017878,0,0.0,0.0,24.45,56.0,16.24,31.79,Disengaged
1770212549.017878,1,0.0291,1.0,127.4,107.0,0.41,71.73,Active Engagement
1770300021.0,1,0.0245,0.7872,3.55,7.46,15.25,48.05,Passive Engagement
1770300018.0,1,0.0168,0.6249,7.23,7.78,7.0,50.63,Passive Engagement
1770212586.468223,1,0.0265,1.0,187.68,100.0,1.39,73.17,Active Engagement
1770300004.5,1,0.0238,0.6477,4.61,8.5,4.72,51.72,Passive Engagement
1770212591.5131142,1,0.0246,1.0,281.23,237.0,1.37,69.65,Active Engagement
1770300009.0,0,0.0,0.0,15.2,110.53,4.69,50.39,Passive Engagement
1770300019.0,0,0.0,0.0,153.61,124.65,2.08,50.08,Passive Engagement
1770212534.0768254,1,0.0236,1.0,175.41,278.0,0.8,75.94,Active Engagement
1770300001.0,1,0.0203,0.7551,9.16,26.37,6.93,56.86,Passive Engagement
1770212585.7344468,0,0.0,0.0,69.86,28.0,10.7,21.45,Disengaged
1768927350.5337288,0,0.0,0.0,29.99,89.0,7.28,0.0,Disengaged
1770300014.0,1,0.0226,0.8257,120.17,184.13,0.84,75.55,Active Engagement
1770300006.0,0,0.0,0.0,8.97,13.47,59.8,7.79,Disengaged
1770300024.0,1,0.0252,0.7653,12.5,0.52,16.87,47.99,Passive Engagement
1770212489.7678342,0,0.0,0.0,64.93,97.0,19.27,35.76,Disengaged
1770212549.017878,1,0.0,0.0,44.88,16.0,19.79,49.52,Disengaged
1770212489.7678342,1,0.0229,1.0,158.03,222.0,0.83,60.94,Active Engagement
1770300001.0,0,0.0,0.0,124.84,137.07,0.3,51.22,Passive Engagement
1770212591.5131142,1,0.0,0.0,7.05,334.0,10.14,34.3,Disengaged
1770212586.468223,0,0.0,0.0,71.11,349.0,9.78,16.7,Disengaged
1770212591.5131142,1,0.022,1.0,202.87,69.0,1.04,65.45,Active Engagement
1770212585.7344468,1,0.0,0.0,7.14,141.0,16.97,42.93,Disengaged
1770212534.0768254,1,0.0298,1.0,156.61,217.0,0.29,84.35,Active Engagement
1770212585.7344468,1,0.0295,1.0,269.33,79.0,0.99,62.79,Active Engagement
1770300000.5,1,0.0219,0.7959,6.66,16.99,8.21,54.17,Passive Engagement
1770212585.7344468,1,0.0275,1.0,145.1,262.0,1.02,72.93,Active Engagement
1770300001.5,0,0.0,0.0,112.41,173.81,2.14,49.38,Passive Engagement
1770212554.4257357,1,0.0,0.0,77.4,114.0,9.41,18.45,Passive Engagement
1770141820.9910288,1,0.0239,1.0,131.93,55.0,0.19,55.95,Active Engagement
1770212584.7904513,0,0.0,0.0,55.0,354.0,13.52,47.18,Disengaged
1770300018.5,1,0.0195,0.7901,2.99,28.25,14.46,59.95,Passive Engagement
1770212585.7344468,0,0.0,0.0,48.08,222.0,15.46,36.73,Disengaged
1770212584.7904513,1,0.0254,1.0,309.17,124.0,0.59,71.82,Active Engagement
1770212549.017878,1,0.0266,1.0,228.48,144.0,0.01,73.79,Active Engagement
1770300003.5,1,0.0173,0.7135,177.63,69.98,2.97,70.74,Active Engagement
1770300011.0,0,0.0,0.0,1.33,0.36,22.25,15.54,Disengaged
1770300016.5,1,0.0278,0.9062,5.91,4.76,18.35,53.94,Passive Engagement
1770300007.5,0,0.0,0.0,3.24,192.28,4.7,43.11,Passive Engagement
1770212591.5131142,1,0.0,0.0,49.19,366.0,12.86,37.6,Disengaged
1770300005.0,0,0.0,0.0,14.23,11.35,38.87,11.86,Disengaged
1770212591.5131142,1,0.0,0.0,69.45,320.0,13.61,43.56,Passive Engagement
1770300014.0,0,0.0,0.0,19.6,231.36,1.81,48.7,Passive Engagement
1770212554.4257357,1,0.0,0.0,67.52,138.0,13.0,46.48,Disengaged
1770300001.5,1,0.021,0.8423,22.91,34.05,6.27,55.35,Passive Engagement
1770300006.0,1,0.0273,0.8053,72.24,136.11,1.39,76.43,Active Engagement
1770300024.5,1,0.0284,0.8854,14.69,8.02,14.69,53.42,Passive Engagement
1770300016.5,1,0.0215,0.6689,25.5,28.36,11.52,57.63,Passive Engagement
1770212549.017878,1,0.0,0.0,26.3,10.0,12.82,18.18,Disengaged
1770300004.5,0,0.0,0.0,85.54,194.73,0.77,44.98,Passive Engagement
1770300003.0,1,0.0171,0.7186,2.71,17.7,13.29,46.12,Passive Engagement
1770212591.5131142,1,0.0203,1.0,331.49,174.0,1.01,73.8,Active Engagement
1770300014.0,1,0.0238,0.7192,59.6,25.99,9.15,60.5,Passive Engagement
1770212591.5131142,0,0.0,0.0,73.6,28.0,10.24,38.28,Disengaged
1770212489.7678342,1,0.0224,1.0,186.94,168.0,0.0,79.01,Active Engagement
1770212591.5131142,1,0.0217,1.0,144.46,219.0,0.14,83.7,Active Engagement
1770300023.5,1,0.0224,0.7874,8.57,4.16,3.74,50.74,Passive Engagement
1770300011.5,1,0.0175,0.7394,283.96,199.09,2.97,75.27,Active Engagement
1770300007.0,0,0.0,0.0,273.37,180.71,2.54,49.29,Passive Engagement
1770212554.4257357,0,0.0,0.0,20.68,73.0,16.15,41.25,Disengaged
1770142279.3328362,1,0.0217,1.0,344.84,0.0,0.01,63.0,Active Engagement
1770212584.7904513,0,0.0,0.0,24.11,32.0,3.78,25.02,Disengaged
1770212591.5131142,1,0.0208,1.0,206.2,77.0,0.74,84.53,Active Engagement
1770212549.017878,1,0.0294,1.0,268.74,238.0,0.34,67.34,Active Engagement
1770212584.7904513,1,0.0267,1.0,167.94,202.0,0.19,63.67,Active Engagement
1770212549.017878,0,0.0,0.0,60.68,139.0,14.93,22.97,Disengaged
1770212585.7344468,0,0.0,0.0,60.64,216.0,7.9,35.16,Disengaged
1770300001.0,0,0.0,0.0,8.6,159.2,1.52,48.76,Passive Engagement
1770212586.468223,1,0.0234,1.0,176.23,276.0,0.06,81.63,Active Engagement
1770212591.5131142,0,0.0,0.0,40.54,91.0,5.21,38.04,Disengaged
1770212585.7344468,1,0.022,1.0,161.94,248.0,0.75,63.11,Active Engagement
1770300018.0,0,0.0,0.0,273.7,150.93,1.74,47.29,Passive Engagement
1770212584.7904513,0,0.0,0.0,57.89,230.0,7.92,42.31,Disengaged
1770300004.0,1,0.0193,0.7527,40.37,38.42,6.17,51.99,Passive Engagement
1770212534.0768254,1,0.0,0.0,59.03,346.0,9.62,31.62,Passive Engagement
1770300005.0,1,0.0217,0.6889,22.71,21.85,15.47,57.53,Passive Engagement
1770300004.0,1,0.0202,0.8887,126.64,92.53,2.29,76.7,Active Engagement
1770212534.0768254,1,0.0253,1.0,164.52,149.0,0.53,79.98,Active Engagement
1770212585.7344468,1,0.0,0.0,65.91,42.0,13.9,32.12,Disengaged
1770212489.7678342,0,0.0,0.0,46.57,70.0,5.02,21.57,Disengaged
1770212591.5131142,1,0.0246,1.0,232.84,139.0,0.76,62.54,Active Engagement
1770212584.7904513,1,0.0,0.0,56.11,158.0,5.82,19.69,Passive Engagement
1770212554.4257357,1,0.0201,1.0,328.81,276.0,0.31,64.35,Active Engagement
1770212591.5131142,1,0.023,1.0,210.17,210.0,1.04,81.59,Active Engagement
1770212534.0768254,1,0.0,0.0,65.66,87.0,16.26,19.17,Disengaged
1770300000.5,1,0.0289,0.8171,5.86,6.6,13.3,54.54,Passive Engagement
1770142234.126883,1,0.0271,1.0,203.87,81.0,0.27,68.96,Active Engagement
1770300003.5,1,0.0227,0.6265,4.23,11.04,11.01,51.86,Passive Engagement
1770212489.7678342,0,0.0,0.0,57.25,37.0,16.42,48.94,Disengaged
1770212534.0768254,1,0.02,1.0,122.95,55.0,0.95,71.48,Active Engagement
1770212554.4257357,0,0.0,0.0,68.78,321.0,18.03,35.79,Disengaged
1770300013.5,1,0.0184,0.8124,226.72,106.29,0.38,71.89,Active Engagement
1770212586.468223,0,0.0,0.0,69.94,327.0,7.14,7.9,Disengaged
1770212534.0768254,1,0.0249,1.0,294.87,159.0,0.24,61.65,Active Engagement
